Prueba;Prueba;Prueba;prueba500@correo.com;3158896393
Prueba;Prueba;Prueba;prueba501@correo.com;3158896393
Prueba;Prueba;Prueba;prueba502@correo.com;3158896393
Prueba;Prueba;Prueba;prueba503@correo.com;3158896393
Prueba;Prueba;Prueba;prueba504@correo.com;3158896393
Prueba;Prueba;Prueba;prueba505@correo.com;3158896393
Prueba;Prueba;Prueba;prueba506@correo.com;3158896393
Prueba;Prueba;Prueba;prueba507@correo.com;3158896393
Prueba;Prueba;Prueba;prueba508@correo.com;3158896393
Prueba;Prueba;Prueba;prueba509@correo.com;3158896393
Prueba;Prueba;Prueba;prueba5010@correo.com;3158896393
Prueba;Prueba;Prueba;prueba5011@correo.com;3158896393
Prueba;Prueba;Prueba;prueba5012@correo.com;3158896393
Prueba;Prueba;Prueba;prueba5013@correo.com;3158896393
Prueba;Prueba;Prueba;prueba5014@correo.com;3158896393
Prueba;Prueba;Prueba;prueba5015@correo.com;3158896393
Prueba;Prueba;Prueba;prueba5016@correo.com;3158896393
Prueba;Prueba;Prueba;prueba5017@correo.com;3158896393
Prueba;Prueba;Prueba;prueba5018@correo.com;3158896393
Prueba;Prueba;Prueba;prueba5019@correo.com;3158896393
Prueba;Prueba;Prueba;prueba5020@correo.com;3158896393
Prueba;Prueba;Prueba;prueba5021@correo.com;3158896393
Prueba;Prueba;Prueba;prueba5022@correo.com;3158896393
Prueba;Prueba;Prueba;prueba5023@correo.com;3158896393
Prueba;Prueba;Prueba;prueba5024@correo.com;3158896393
Prueba;Prueba;Prueba;prueba5025@correo.com;3158896393
Prueba;Prueba;Prueba;prueba5026@correo.com;3158896393
Prueba;Prueba;Prueba;prueba5027@correo.com;3158896393
Prueba;Prueba;Prueba;prueba5028@correo.com;3158896393
Prueba;Prueba;Prueba;prueba5029@correo.com;3158896393
Prueba;Prueba;Prueba;prueba5030@correo.com;3158896393
Prueba;Prueba;Prueba;prueba5031@correo.com;3158896393
Prueba;Prueba;Prueba;prueba5032@correo.com;3158896393
Prueba;Prueba;Prueba;prueba5033@correo.com;3158896393
Prueba;Prueba;Prueba;prueba5034@correo.com;3158896393
Prueba;Prueba;Prueba;prueba5035@correo.com;3158896393
Prueba;Prueba;Prueba;prueba5036@correo.com;3158896393
Prueba;Prueba;Prueba;prueba5037@correo.com;3158896393
Prueba;Prueba;Prueba;prueba5038@correo.com;3158896393
Prueba;Prueba;Prueba;prueba5039@correo.com;3158896393
Prueba;Prueba;Prueba;prueba5040@correo.com;3158896393
Prueba;Prueba;Prueba;prueba5041@correo.com;3158896393
Prueba;Prueba;Prueba;prueba5042@correo.com;3158896393
Prueba;Prueba;Prueba;prueba5043@correo.com;3158896393
Prueba;Prueba;Prueba;prueba5044@correo.com;3158896393
Prueba;Prueba;Prueba;prueba5045@correo.com;3158896393
Prueba;Prueba;Prueba;prueba5046@correo.com;3158896393
Prueba;Prueba;Prueba;prueba5047@correo.com;3158896393
Prueba;Prueba;Prueba;prueba5048@correo.com;3158896393
Prueba;Prueba;Prueba;prueba5049@correo.com;3158896393
